{
    "faces":[35,0,14,33,8,0,0,0,0,0,35,0,8,32,15,0,1,1,1,1,35,0,15,37,12,0,2,2,2,2,35,0,12,38,14,0,3,3,3,3,35,1,17,29,9,0,4,4,4,4,35,1,9,33,14,0,5,5,5,5,35,1,14,38,13,0,6,6,6,6,35,1,13,34,17,0,7,7,7,7,35,2,18,30,6,0,8,8,8,8,35,2,6,29,17,0,9,9,9,9,35,2,17,34,10,0,10,10,10,10,35,2,10,35,18,0,11,11,11,11,35,3,16,31,7,0,12,12,12,12,35,3,7,30,18,0,13,13,13,13,35,3,18,35,11,0,14,14,14,14,35,3,11,36,16,0,15,15,15,15,35,4,15,32,19,0,16,16,16,16,35,4,19,40,20,0,17,17,17,17,35,4,20,39,21,0,18,18,18,18,35,4,21,42,22,0,19,19,19,19,35,4,22,41,23,0,20,20,20,20,35,4,23,37,15,0,21,21,21,21,35,5,24,44,25,0,22,22,22,22,35,5,25,43,26,0,23,23,23,23,35,5,26,31,16,0,24,24,24,24,35,5,16,36,27,0,25,25,25,25,35,5,27,46,28,0,26,26,26,26,35,5,28,45,24,0,27,27,27,27],
    "materials":[{
        "visible":true,
        "depthTest":true,
        "wireframe":true,
        "colorDiffuse":[0.64,0.64,0.64],
        "specularCoef":50,
        "depthWrite":true,
        "blending":1,
        "DbgIndex":0,
        "colorSpecular":[0.5,0.5,0.5],
        "DbgName":"Material.003",
        "shading":"phong",
        "DbgColor":15658734,
        "colorEmissive":[0,0,0],
        "opacity":1,
        "transparent":false,
        "doubleSided":true
    }],
    "uvs":[],
    "metadata":{
        "faces":28,
        "materials":1,
        "version":3,
        "normals":28,
        "type":"Geometry",
        "uvs":0,
        "generator":"io_three",
        "vertices":47
    },
    "normals":[1,-6.39757e-07,2.00218e-13,1,-6.39758e-07,-6.64329e-14,1,-6.39758e-07,5.82225e-13,1,-6.39758e-07,6.99984e-14,1,-6.39756e-07,-4.26337e-13,1,-6.39757e-07,4.61766e-13,1,-6.39758e-07,-3.28643e-13,1,-6.39759e-07,-1.71983e-14,1,-6.39757e-07,-5.27732e-13,1,-6.39756e-07,4.26336e-13,1,-6.39759e-07,-1.89182e-13,1,-6.39758e-07,1.55673e-13,1,-6.39757e-07,-3.8199e-13,1,-6.39757e-07,3.33697e-13,1,-6.39758e-07,4.3749e-13,1,-6.39758e-07,-1.94075e-13,1,-6.39757e-07,-9.84674e-14,1,-6.39757e-07,4.48297e-13,1,-6.39758e-07,1.12863e-12,1,-6.39759e-07,9.94269e-13,1,-6.39759e-07,-5.4192e-14,1,-6.39758e-07,-6.67699e-13,1,-6.39758e-07,-8.73344e-13,1,-6.39757e-07,-4.48297e-13,1,-6.39758e-07,1.80524e-13,1,-6.39758e-07,1.7571e-14,1,-6.39758e-07,-1.3548e-13,1,-6.39759e-07,7.79293e-13],
    "vertices":[7.16341e-06,11.1971,2.29907,7.29433e-06,11.4017,0.776928,7.29433e-06,11.4017,-0.776929,7.16341e-06,11.1971,-2.29907,6.87329e-06,10.7436,3.91096,6.87329e-06,10.7436,-3.91096,7.64204e-06,11.9452,-0.813964,7.50488e-06,11.7308,-2.40867,7.50488e-06,11.7308,2.40867,7.64204e-06,11.9452,0.813963,6.94662e-06,10.8582,-0.739893,6.82194e-06,10.6633,-2.18948,6.82194e-06,10.6633,2.18948,6.94662e-06,10.8582,0.739892,7.24487e-06,11.3244,1.54593,7.04215e-06,11.0075,3.07465,7.04215e-06,11.0075,-3.07465,7.31106e-06,11.4279,-4.99527e-07,7.24487e-06,11.3244,-1.54593,7.26339e-06,11.3533,3.81642,7.02809e-06,10.9856,4.51009,6.75177e-06,10.5536,4.45764,6.52584e-06,10.2005,4.17849,6.60472e-06,10.3238,3.45881,6.75177e-06,10.5536,-4.45764,7.02809e-06,10.9856,-4.51009,7.26339e-06,11.3533,-3.81642,6.60472e-06,10.3238,-3.45881,6.52584e-06,10.2005,-4.17849,7.65957e-06,11.9726,-5.23339e-07,7.59022e-06,11.8642,-1.61962,7.39346e-06,11.5566,-3.15098,7.39346e-06,11.5566,3.15098,7.59022e-06,11.8642,1.61962,6.96255e-06,10.8831,-4.73704e-07,6.89952e-06,10.7846,-1.47224,6.72123e-06,10.5059,-2.86166,6.72123e-06,10.5059,2.86166,6.89951e-06,10.7846,1.47224,6.91105e-06,10.8026,4.53031,7.13488e-06,11.1525,4.30334,6.5228e-06,10.1957,3.91855,6.60508e-06,10.3243,4.3283,7.13488e-06,11.1525,-4.30334,6.91105e-06,10.8026,-4.53031,6.60508e-06,10.3243,-4.3283,6.5228e-06,10.1957,-3.91855]
}