{
    "metadata":{
        "generator":"io_three",
        "vertices":32,
        "uvs":0,
        "faces":32,
        "normals":32,
        "type":"Geometry",
        "version":3
    },
    "faces":[33,2,1,5,6,0,0,0,0,33,3,2,6,7,1,1,1,1,33,1,0,4,5,2,2,2,2,33,14,13,9,10,3,3,3,3,33,15,14,10,11,4,4,4,4,33,13,12,8,9,5,5,5,5,33,0,1,9,8,6,6,6,6,33,1,2,10,9,7,7,7,7,33,2,3,11,10,8,8,8,8,33,5,4,12,13,9,9,9,9,33,6,5,13,14,10,10,10,10,33,7,6,14,15,11,11,11,11,33,22,21,17,18,12,12,12,12,33,23,22,18,19,13,13,13,13,33,21,20,16,17,14,14,14,14,33,26,25,29,30,15,15,15,15,33,27,26,30,31,16,16,16,16,33,25,24,28,29,17,17,17,17,33,24,25,17,16,18,18,18,18,33,25,26,18,17,19,19,19,19,33,26,27,19,18,20,20,20,20,33,29,28,20,21,21,21,21,21,33,30,29,21,22,22,22,22,22,33,31,30,22,23,23,23,23,23,33,3,7,23,19,24,24,24,24,33,4,0,16,20,25,25,25,25,33,15,11,27,31,26,26,26,26,33,8,12,28,24,27,27,27,27,33,0,8,24,16,28,28,28,28,33,11,3,19,27,29,29,29,29,33,12,4,20,28,30,30,30,30,33,7,15,31,23,31,31,31,31],
    "normals":[-1,4.15789e-08,1.26128e-08,-1,3.83194e-08,2.04821e-08,-1,4.32407e-08,4.25882e-09,1,1.66194e-08,-5.47866e-08,1,-2.13228e-08,8.59785e-08,1,-5.61168e-09,5.69762e-08,0,0.995185,0.0980171,0,0.95694,0.290285,0,0.881922,0.471396,0,-0.995185,-0.0980165,0,-0.95694,-0.290285,0,-0.881921,-0.471397,1,0.000163957,4.97358e-05,1,0.000147433,8.81544e-05,1,0.000171557,8.66871e-06,-1,0.00016394,4.97906e-05,-1,0.000147521,8.80393e-05,-1,0.000171588,8.58548e-06,0,0.995211,0.097755,0,0.95694,0.290285,0,0.881797,0.471629,0,-0.995152,-0.0983484,0,-0.95694,-0.290285,0,-0.882078,-0.471103,-0.0380457,-0.557755,0.829133,-0.037963,-0.00311423,-0.999274,0.0380453,-0.557755,0.829133,0.0379637,-0.00311424,-0.999274,0,0.0980172,-0.995185,0,-0.47138,0.88193,0,0.0980081,-0.995186,0,-0.471395,0.881922],
    "vertices":[-1.08889,10.7421,-1.34572e-06,-1.08889,10.5115,2.34108,-1.08889,9.82864,4.5922,-1.08889,8.71973,6.66684,-1.08889,7.98521,-1.80275e-06,-1.08889,7.80761,1.80324,-1.08889,7.28162,3.53719,-1.08889,6.42746,5.1352,-1.07889,10.7421,-1.34572e-06,-1.07889,10.5115,2.34108,-1.07889,9.82864,4.5922,-1.07889,8.71973,6.66684,-1.07889,7.98521,-1.80275e-06,-1.07889,7.80761,1.80324,-1.07889,7.28162,3.53719,-1.07889,6.42746,5.1352,-1.08205,10.655,-0.00858193,-1.08204,10.4258,2.32404,-1.08204,9.74795,4.55877,-1.08205,8.64252,6.62558,-1.08161,8.06706,0.00805874,-1.08159,7.88806,1.81924,-1.08159,7.35741,3.56858,-1.08161,6.49999,5.17397,-1.08573,10.655,-0.00858193,-1.08575,10.4258,2.32404,-1.08575,9.74795,4.55877,-1.08573,8.64252,6.62558,-1.08617,8.06706,0.00805874,-1.08619,7.88806,1.81924,-1.08619,7.35741,3.56858,-1.08617,6.49999,5.17397],
    "uvs":[]
}