{
    "data":{
        "groups":[{
            "materialIndex":0,
            "start":0,
            "count":72
        }],
        "index":{
            "array":[0,1,2,3,4,5,6,7,8,9,10,11,12,13,14,15,16,17,18,19,20,21,22,23,24,25,26,27,28,29,30,31,32,33,34,35,36,37,38,39,40,41,42,43,44,45,46,47,48,49,50,51,52,53,54,18,20,55,56,57,58,24,26,59,60,61,62,30,32,63,33,35],
            "type":"Uint16Array",
            "itemSize":1
        },
        "attributes":{
            "normal":{
                "array":[-1,4.37114e-08,-8.5757e-15,-1,4.37114e-08,-8.5757e-15,-1,4.37114e-08,-8.5757e-15,-1,4.37114e-08,1.42928e-14,-1,4.37114e-08,1.42928e-14,-1,4.37114e-08,1.42928e-14,-1,4.37114e-08,-7.86105e-15,-1,4.37114e-08,-7.86105e-15,-1,4.37114e-08,-7.86105e-15,1,6.25489e-08,3.18647e-08,1,6.25489e-08,3.18647e-08,1,6.25489e-08,3.18647e-08,1,-4.35308e-08,4.42734e-11,1,-4.35308e-08,4.42734e-11,1,-4.35308e-08,4.42734e-11,1,-4.35785e-08,3.56161e-10,1,-4.35785e-08,3.56161e-10,1,-4.35785e-08,3.56161e-10,0,0.995185,0.0980171,0,0.995185,0.0980171,0,0.995185,0.0980171,0,0.95694,0.290285,0,0.95694,0.290285,0,0.95694,0.290285,0,0.881922,0.471396,0,0.881922,0.471396,0,0.881922,0.471396,-0,-0.995185,-0.0980165,-0,-0.995185,-0.0980165,-0,-0.995185,-0.0980165,-0,-0.95694,-0.290285,-0,-0.95694,-0.290285,-0,-0.95694,-0.290285,-0,-0.881921,-0.471397,-0,-0.881921,-0.471397,-0,-0.881921,-0.471397,-1,4.37114e-08,-1.10092e-15,-1,4.37114e-08,-1.10092e-15,-1,4.37114e-08,-1.10092e-15,-1,4.37114e-08,-8.80735e-15,-1,4.37114e-08,-8.80735e-15,-1,4.37114e-08,-8.80735e-15,-1,4.37114e-08,1.18349e-14,-1,4.37114e-08,1.18349e-14,-1,4.37114e-08,1.18349e-14,1,6.2548e-09,-1.20149e-07,1,6.2548e-09,-1.20149e-07,1,6.2548e-09,-1.20149e-07,1,-1.79033e-08,1.60566e-07,1,-1.79033e-08,1.60566e-07,1,-1.79033e-08,1.60566e-07,1,4.13313e-08,1.38533e-07,1,4.13313e-08,1.38533e-07,1,4.13313e-08,1.38533e-07,-0,0.995185,0.0980171,0,0.95694,0.290285,0,0.95694,0.290285,0,0.95694,0.290285,-0,0.881922,0.471396,0,-0.995185,-0.0980165,0,-0.995185,-0.0980165,0,-0.995185,-0.0980165,0,-0.95694,-0.290285,0,-0.881921,-0.471397],
                "type":"Float32Array",
                "itemSize":3
            },
            "position":{
                "array":[5.14458e-07,11.7694,2.34108,3.96266e-07,9.06552,1.80324,3.73275e-07,8.53953,3.53719,4.84609e-07,11.0866,4.5922,3.73275e-07,8.53953,3.53719,3.35938e-07,7.68537,5.1352,5.24537e-07,12,-1.43051e-06,4.0403e-07,9.24312,-1.88753e-06,3.96266e-07,9.06552,1.80324,0.0100004,8.53953,3.53719,0.0100004,9.06552,1.80324,0.0100002,11.7694,2.34108,0.0100003,7.68537,5.1352,0.0100004,8.53953,3.53719,0.0100005,11.0866,4.5922,0.0100004,9.06552,1.80324,0.0100004,9.24312,-1.88753e-06,0.0100005,12,-1.43051e-06,5.24537e-07,12,-1.43051e-06,5.14458e-07,11.7694,2.34108,0.0100002,11.7694,2.34108,4.84609e-07,11.0866,4.5922,0.0100005,11.0866,4.5922,0.0100002,11.7694,2.34108,4.84609e-07,11.0866,4.5922,4.36136e-07,9.97764,6.66684,0.0100001,9.97764,6.66684,4.0403e-07,9.24312,-1.88753e-06,0.0100004,9.24312,-1.88753e-06,0.0100004,9.06552,1.80324,3.96266e-07,9.06552,1.80324,0.0100004,9.06552,1.80324,0.0100004,8.53953,3.53719,3.73275e-07,8.53953,3.53719,0.0100004,8.53953,3.53719,0.0100003,7.68537,5.1352,4.84609e-07,11.0866,4.5922,5.14458e-07,11.7694,2.34108,3.73275e-07,8.53953,3.53719,4.36136e-07,9.97764,6.66684,4.84609e-07,11.0866,4.5922,3.35938e-07,7.68537,5.1352,5.14458e-07,11.7694,2.34108,5.24537e-07,12,-1.43051e-06,3.96266e-07,9.06552,1.80324,0.0100005,11.0866,4.5922,0.0100004,8.53953,3.53719,0.0100002,11.7694,2.34108,0.0100001,9.97764,6.66684,0.0100003,7.68537,5.1352,0.0100005,11.0866,4.5922,0.0100002,11.7694,2.34108,0.0100004,9.06552,1.80324,0.0100005,12,-1.43051e-06,0.0100005,12,-1.43051e-06,5.14458e-07,11.7694,2.34108,4.84609e-07,11.0866,4.5922,0.0100002,11.7694,2.34108,0.0100005,11.0866,4.5922,3.96266e-07,9.06552,1.80324,4.0403e-07,9.24312,-1.88753e-06,0.0100004,9.06552,1.80324,3.73275e-07,8.53953,3.53719,3.35938e-07,7.68537,5.1352],
                "type":"Float32Array",
                "itemSize":3
            }
        }
    },
    "metadata":{
        "normal":64,
        "version":3,
        "type":"BufferGeometry",
        "generator":"io_three",
        "position":64
    }
}