{
    "faces":[32,4,2,3,0,0,0,32,2,1,3,0,0,0,32,2,0,1,1,1,1,32,1,0,5,2,2,2,32,5,0,10,2,2,2,32,10,0,9,3,3,3,32,6,3,1,4,4,4,32,6,1,10,4,4,4,32,1,5,10,5,5,5,33,9,0,2,8,6,6,6,6,33,7,4,3,6,7,7,7,7,32,6,10,7,8,8,8,32,10,8,7,9,9,9,32,10,9,8,9,9,9,33,4,12,11,2,1,1,1,1,33,13,8,2,11,10,10,10,10,33,14,7,8,13,8,8,8,8,33,7,14,12,4,11,11,11,11,33,13,11,12,14,12,12,12,12],
    "vertices":[-0.02,-0.6,-1.5,-0.02,-1,4.37114e-08,-0.02,-0.6,-1,-0.02,-0.6,1.5,-0.02,-0.6,1,0,-1,4.37114e-08,0.02,-0.6,1.5,0.02,-0.6,1,0.02,-0.6,-1,0.02,-0.6,-1.5,0.02,-1,4.37114e-08,-0.02,-0.2,-1,-0.02,-0.2,1,0.02,-0.2,-1,0.02,-0.2,1],
    "normals":[-1,0,-0,-1,0,0,0,-0.966235,-0.257663,-0,-0.966235,-0.257663,0,-0.966235,0.257663,0,0,0,0,1,-1.19209e-07,0,1,0,1,0,-0,1,0,0,0,0,-1,-0,0,1,0,1,-5.96046e-08],
    "metadata":{
        "version":3,
        "type":"Geometry",
        "normals":13,
        "vertices":15,
        "faces":19,
        "uvs":0,
        "generator":"io_three"
    },
    "uvs":[]
}